Form_Title__c,Form Name
null,owcc-form
2020 NGV Haring-Basquiat Exhibition Competition,dcp-form
35 Range RYI,otb-cancellation-form
A 45 RYI,otb-personal-data-form
A-Class Sedan Long Lead Generation,otb-request-td-from-home-form
Aftersales Pre-Purchase Inspection,glc-suv-pad
All New A-Class,eqs-saloon-v297-pad
All New CLS Coupe,c-class-amg-w206-pad
All New GLE Coupe RYI,amg-edition-55
AMG GT Range,brochure-request
Autobody Booking Form,cla-coupe-pad
Brocher Request,gle-suv-pad
Brochure Request,gle-coupe-pad
Brochure Request (CRM),glc-coupe-c254-fl-pad
Brochure_Request,glb-suv-x247-fl-pad
bsu,gla-suv-h247-fl-pad
Business Solution Contact Us,gls-suv-x167-pad
Business Solutions Contact Us,e-class-sedan-w214-pad
Business Solutions Contact Us (CRM),brochure-request-eqa
Campaign – Form,cle-coupe-c236-pad
Cars,cle-cabriolet-a236-pad
Carsales | Mercedes-Benz,brochure-request-glc-suv
Carsales Lead,amg-gt-coupe-c192-pad
C-Class-Sedan-Digital-Showroom,eqa-suv-h243-fl-pad
CLA 45 RYI,eqb-class-x243-fl-pad
Contact Us,
Contact Us - Vans,
Contact-Request,
DCP Form,
E63S AMG Test Drive,
E-Class Cabriolet Coupe Test Drive,
E-Class RYI,
E-Class RYI eDM,
Electric Vans,
eMobility,
Employee Customer Obsession Survey,
E-Newsletter Signup,
EQ,
EQA-Brochure-Request-AU,
EQC - Update Details,
EQC Register to Purchase,
EQC Relaunch Request a Call Back,
EQE-Sedan-Digital-Showroom,
F1 Slot Car Racing,
Facebook - AU GLA RYI,
Facebook - Retail 3,
Facebook - Test Lead Form,
Facebook - The all new GLB,
Fleet Contact Template,
Fleet enquiry,
G-Class Out Of Stock,
G-Class Out of Stock RYI,
General Contact Request,
Get in contact – form,
Get in contact vans fleet – form,
GLA Callback eDM,
GLA MILP,
GLA RYI,
GLA RYI eDM,
GLA RYI Search,
GLA RYI Social,
GLB Callback eDM,
GLB RYI,
GLB RYI eDM,
GLB RYI Search,
GLB RYI Social,
GLB-Digital-Showroom,
GLC 63 S Test Drive,
GLC FL RYI Campaign,
GLC-SUV-Brochure-Request-AU,
Google - The all new GLA,
Ladies Day 2020,
Leave your details,
Mercedes me (store) (CRM),
Mercedes me (store) F1 In Conversation,
Mercedes me Magazine,
Mercedes-AMG 53 TD form,
Mercedes-AMG E53 TD form,
Mercedes-Benz Agility Intention,
Mercedes-Benz C-Class,
Mercedes-Benz EQC,
Mercedes-Benz Financial Intention Form,
Mercedes-Benz Financial Services - Contact us,
Motorclassica 2019,
Music - Julia Michaels,
New A-Class,
New Sprinter,
New Vito,
Newsletter Subscription – Form,
Newsletter Template,
NGV Triennial,
NGV Triennial Subscription,
OWCC Form,
Parts Enquiry,
Parts Enquiry - Mercedes-Benz Passenger Cars,
Product Information Pack,
Register Your Interest A Class,
Register Your Interest CLS Coupe,
Register Your Interest E-Class CoupÃ©,
Register Your Interest X-Class,
Register Your Interest X-Class V6,
Repurchase reminder – Cars,
Repurchase reminder â?“ Cars,
Request a Call Back,
Request a Call Back | Victoria,
Request a Call Back VIC,
Request a quote – form,
Request a service,
Request a Service Booking - Mercedes-Benz Passenger Cars,
Request A Test Drive,
Request A Test Drive (crm),
"Request A Test Drive,",
Request an e-Brochure,
Request Call Back,
Request Contact Template,
Request Quote Template,
Request Quote Template Commercial Electric New Vehicle Sales,
Request Quote Template New Vehicles Sales (Sprinter/Vito/Vito Tourer),
Request Quote Template Private New Vehicles Sales (V-Class/MarcoPolo),
Research ROTF,
RYI - C-Class,
RYI-A-Class-Hatch,
RYI-A-Class-Sedan,
RYI-AMG-GT-COUPE,
RYI-C63-CLASS-AMG,
RYI-CLA-PAD,
RYI-CLE-CABRIOLET,
RYI-CLE-COUPE,
RYI-CLS,
RYI-E-CLASS-SEDAN,
RYI-EQA-SUV,
RYI-EQB,
RYI-EQB-FL,
RYI-EQE,
RYI-EQE-SUV,
RYI-EQS,
RYI-EQS-SALOON,
RYI-EQS-SUV,
RYI-GLA-SUV,
RYI-GLB-SUV,
RYI-GLC-COUPE,
RYI-GLC-SUV,
RYI-GLE-COUPE,
RYI-GLE-SUV,
RYI-GLS-SUV,
RYI-SL-Roadster,
SAINT RYI,
S-Class FB RYI,
S-Class MILP,
S-Class RYI,
S-Class RYI Search,
S-Class RYI Social,
Service Booking,
Service Booking Express,
Service Essentials Competition,
Sign up to Vans e-News,
Sign up to Vans e-News (CRM),
Single Checkbox Test,
Stay up to date | Mercedes Benz,
Stay up to speed with Mercedes me,
Test Drive,
Test Drive (Redirect to TDBS),
Test drive â€“ form,
Test Drive Booking Cars,
Test Drive for VOC,
Test Drive GLC 63S,
Test drive new c63s,
Test Drive Request Vans,
The A Class Test Drive,
The C Class Test Drive,
The CLA Coupe Test Drive,
The CLA Shooting Brake Test Drive,
The GLA Test Drive,
The New C 63 S,
The New S-Class CoupÃ© and Cabriolet,
Trace Race,
Update Communication Preferences,
Valentines Day me Mag Comp,
Vans,
Vans Fleet (CRM),
"Win a $1,000 Aje Wardrobe Refresh",
X-Class - News Sign Up - COTW lead,
X-Class - Register Your Interest,
X-Class - Request a test drive - COTW lead,
X-Class Edition 1 – Register Your Interest,
X-Class Edition 1 - Request a test drive,
X-Class V6 - Request a test drive,